transcript	sampl1	sample2	sample3	sample4
AACTCTCAATAGAGCG_TTCTATTATCGA_0ae7c54e-4a47-41a0-85b8-7c70cb4be25d_+.1	0.260704	0.369659	0.235103	1.081145
AATTAGCGCTGCAGCG_ACGGTCATTCCG_f23b1b8b-17d7-418b-8a83-f18738aa6977_+.1	0.0	0.0	0.0	0.013578
ACAGCGACATTCTCAT_TATGTACCTTAT_37873437-d9db-46e7-bf3a-ded9c60e38d7_+.1	0.0	0.0	0.0	0.0
ATTGCGATCAGTAACT_TCACATCGGGGT_22c5ef8b-cb0a-45b2-9a42-0e7e7d3ad44f_-.1	0.113601	0.0	0.552585	0.0
CCAGTCTAGACGGCGC_ACTAGTACTTAG_b6c9a8ea-dde1-4654-a740-60de3cde829d_+.1	0.0	0.0	0.0	0.0
CTTAAATAAGACCCAT_ATAATAGATCGC_bb420935-594b-4fb3-a131-d42309c24502_-.1	0.0	0.0	0.0	0.0
ENSMUST00000028970.7	0.0	0.0	0.0	0.0
ENSMUST00000120040.7	0.0	0.136133	0.0	0.0
ENSMUST00000122216.7	0.0	0.0	0.0	0.0
ENSMUST00000195957.4	0.0	0.0	0.0	0.0
ENSMUST00000211443.1	0.0	0.0	0.0	0.0
GACAAGAGATGAGATT_TACACTGGTTGG_840667f0-5065-4aa5-954f-2351491fd81b_-.1	0.0	0.0	0.0	0.0
GGAGACCATCTACATA_GGTGGAGCTATC_cf979f25-ac0f-43d8-a626-25a05f2e9893_-.1	0.0	0.0	0.0	0.0
TAATGAAAGACCCTTG_TGTGGCGAAATT_154b27b9-4486-4710-82bf-ba266aa3f583_+.1	0.0	0.0	0.0	0.0
TATCACCCAACCGACC_ATTCGGCAAGTT_b3f65936-6804-4600-b9dd-7a0746f79523_-.1	0.0	0.0	0.0	0.0
TCAACTGCAGAGTCAG_GAGCGATCCGAG_7025a656-727e-4f49-af32-74cf93a6d0a7_+.1	0.0	0.0	0.0	0.0
TCACAGCAAACTCGAA_AAATTGTATAAA_c3b757fc-8182-49b2-a932-fdf33a922c42_-.1	0.0	0.0	0.0	0.0
TTCCATCGACAGCGTG_CCTGAAAACTCC_adaaa840-34fe-4a4e-aa3d-b4041efd6003_-.1	0.0	0.0	0.0	0.0
TTGAGCGCCACGTGAT_CAGAAGCTCAAT_f9289f07-7e9e-4535-847a-2f4cf8d2d526_-.1	0.0	0.0	0.0	0.0
